los_id,brd_id,brd_section,requirement,brd_priority,proposed_priority,type,scope_sensitivity,notes
LOS-CON-001,PR-01,§7 Principles (binding),API-first: Every capability available in the UI is available via API. The UI is a client of the same contracts.,M (binding),,Stated,,Interpretation with Inertia (G-16).
LOS-CON-002,PR-02,§7 Principles (binding),"CBA-agnostic core: No CBA-specific field, code, or behaviour appears outside an adapter. Enforced by architectural test.",M (binding),,Stated,,
LOS-CON-003,PR-03,§7 Principles (binding),Configuration over code: Tenant differences are data. Tenant-specific code is a last resort and must be isolated in extension points.,M (binding),,Stated,,
LOS-CON-004,PR-04,§7 Principles (binding),Event-sourced state transitions: Application state changes are recorded as immutable events; current state is a projection. Underpins audit and replay.,M (binding),,Stated,,"Application aggregate event-sourced (G-21, FR-AUD-011)."
LOS-CON-005,PR-05,§7 Principles (binding),Idempotency everywhere: Every external-effect operation carries an idempotency key. Retries are safe by design.,M (binding),,Stated,,
LOS-CON-006,PR-06,§7 Principles (binding),"Explainable decisioning: Any automated decision stores its inputs, policy version, model version, and reason codes.",M (binding),,Stated,,
LOS-CON-007,PR-07,§7 Principles (binding),"Least privilege by default: New roles start with zero permissions. Access is granted, never assumed.",M (binding),,Stated,,
LOS-CON-008,PR-08,§7 Principles (binding),"Fail visible, not silent: Integration failures create actionable exceptions in a queue; they never silently degrade a decision.",M (binding),,Stated,,
LOS-CON-009,PR-09,§7 Principles (binding),Data minimization: Collect what policy requires. PII access is logged and purpose-bound.,M (binding),,Stated,,
LOS-CON-010,PR-10,§7 Principles (binding),"Deployment neutrality: One artefact runs SaaS, private cloud, and on-premise. No hosting-model-specific code paths.",M (binding),,Stated,,"(G-05, G-19)."
LOS-CON-011,(unnumbered),BRD §5,"Deployable on-premise, in private cloud and as multi-tenant SaaS from one codebase (data residency driver).",M (binding),,Stated (unnumbered),,
LOS-CON-012,(unnumbered),BRD §5,Some tenants require air-gapped or restricted-egress deployment; core paths must not depend on external SaaS.,M (binding),,Stated (unnumbered),,
LOS-CON-013,(unnumbered),BRD §21,Maintain a traceability matrix: driver → epic/story → acceptance criteria → test → regulatory citation; no requirement reaches done without a mapped test.,M (binding),,Stated (unnumbered),,
LOS-FR-001,FR-TEN-001,"§8.1 Tenant, Organization and Reference Data",Support multiple tenants (banks) on one deployment with complete logical data isolation; no query path may return cross-tenant data,M,,Stated,,Defence in depth: app tenant scoping + PostgreSQL RLS (G-18). Test: architectural + cross-tenant pen suite (G-42).
LOS-FR-002,FR-TEN-002,"§8.1 Tenant, Organization and Reference Data",Support per-tenant deployment isolation (dedicated database/schema) as a configuration option for tenants with regulatory or contractual requirements,M,,Stated,,Schema- or DB-per-tenant option (G-18).
LOS-FR-003,FR-TEN-003,"§8.1 Tenant, Organization and Reference Data","Model the tenant's organizational hierarchy: legal entity → region/zone → area → branch → team → user, with configurable depth and labels",M,,Stated,,Legal entity also resolves jurisdiction × licence pack (G-23).
LOS-FR-004,FR-TEN-004,"§8.1 Tenant, Organization and Reference Data","Allow tenant-specific branding: logo, colours, document letterhead, email/SMS templates, and outbound domain",M,,Stated,,Outbound domain implies per-tenant SPF/DKIM setup.
LOS-FR-005,FR-TEN-005,"§8.1 Tenant, Organization and Reference Data","Allow tenant-specific terminology overrides (e.g. ""Loan Officer"" vs ""Relationship Officer"") applied across UI and generated documents",S,,Stated,,
LOS-FR-006,FR-TEN-006,"§8.1 Tenant, Organization and Reference Data","Maintain reference data per tenant: currencies, FX rates, calendars/holidays, industry/sector codes, occupation codes, geography, document types, reason codes",M,,Stated,,Prudential parameters (limit base) not listed (G-35). FX source (G-41).
LOS-FR-007,FR-TEN-007,"§8.1 Tenant, Organization and Reference Data","Support multiple currencies per tenant, with the application currency independent of the base reporting currency",M,,Stated,,
LOS-FR-008,FR-TEN-008,"§8.1 Tenant, Organization and Reference Data","Support multi-language UI and customer-facing document generation, with per-tenant enabled language set",S,,Stated,,English at launch; framework built in (A-09).
LOS-FR-009,FR-TEN-009,"§8.1 Tenant, Organization and Reference Data",Version all configuration; support draft → review → approved → active lifecycle with maker-checker before activation,M,,Stated,,
LOS-FR-010,FR-TEN-010,"§8.1 Tenant, Organization and Reference Data",Support configuration export/import between environments (dev → UAT → prod) as a promotable artefact,M,,Stated,,
LOS-FR-011,FR-TEN-011,"§8.1 Tenant, Organization and Reference Data",Provide configuration diff and rollback to any prior active version,S,,Stated,,
LOS-FR-012,FR-PRD-001,§8.2 Product Factory,Define loan products through configuration without code deployment,M,,Stated,,
LOS-FR-013,FR-PRD-002,§8.2 Product Factory,"Support product categories: personal/consumer, salary-backed/payroll, asset finance, mortgage, overdraft, credit line/revolving, SME term loan, corporate term loan, agricultural, device/BNPL",M,,Stated,,Mortgage perfection specifics (G-34). Salary-backed depends on mandates (G-27).
LOS-FR-014,FR-PRD-003,§8.2 Product Factory,"Configure per product: eligibility criteria, amount range, tenor range, interest basis (flat, reducing balance, floating with index and spread), repayment frequency, moratorium/grace, fees and charges (upfront, amortized, contingent), penalty structure, prepayment rules",M,,Stated,,"Day-count, rounding, holiday roll and taxes unspecified (G-36, G-07)."
LOS-FR-015,FR-PRD-004,§8.2 Product Factory,"Configure required document checklists per product, further conditional on applicant segment, amount band, and channel",M,,Stated,,
LOS-FR-016,FR-PRD-005,§8.2 Product Factory,"Configure the workflow variant, credit policy set, and approval matrix bound to each product",M,,Stated,,
LOS-FR-017,FR-PRD-006,§8.2 Product Factory,Support product versioning with effective-dated activation; in-flight applications continue on the product version under which they were submitted,M,,Stated,,
LOS-FR-018,FR-PRD-007,§8.2 Product Factory,"Support product availability rules by channel, branch/region, customer segment, and date window (campaign products)",M,,Stated,,
LOS-FR-019,FR-PRD-008,§8.2 Product Factory,Provide a simulation/sandbox mode allowing a product manager to run test applications against a draft product version before activation,S,,Stated,,
LOS-FR-020,FR-PRD-009,§8.2 Product Factory,"Map each LOS product to the tenant's CBA product code(s) via the adapter configuration, including GL/branch mapping where required",M,,Stated,Q3,[Q3] Depends on CBA selection (G-04).
LOS-FR-021,FR-PRD-010,§8.2 Product Factory,"Support product bundles and cross-sell attachment (e.g. credit life insurance, device insurance) with their own eligibility and pricing",C,,Stated,,
LOS-FR-022,FR-CHN-001,§8.3 Origination Channels and Lead Management,"Capture applications from: staff-assisted UI, customer self-service web, mobile, agent/DSA app, partner/embedded API, bulk file upload, and inbound email/document drop",M,,Stated,Q8,[Q8] Self-service (G-09); mobile/agent as PWA (A-08); partner API priority conflict (G-12); bulk/scanner/email formats (G-38).
LOS-FR-023,FR-CHN-002,§8.3 Origination Channels and Lead Management,"Record channel and originating user/partner on every application for attribution, commission, and analytics",M,,Stated,,Commission calculation out of scope v1 (G-40).
LOS-FR-024,FR-CHN-003,§8.3 Origination Channels and Lead Management,"Support save-and-resume for partially completed applications, with configurable expiry and reminder nudges",M,,Stated,,
LOS-FR-025,FR-CHN-004,§8.3 Origination Channels and Lead Management,Support offline capture on the agent app with conflict-safe synchronization when connectivity returns,S,,Stated,,Device security controls (G-39).
LOS-FR-026,FR-CHN-005,§8.3 Origination Channels and Lead Management,"Manage leads: capture, assign, track status, convert to application, and record loss reason",S,M/S split,Stated,,"Proposed split: capture/convert = M, rest = S (G-12)."
LOS-FR-027,FR-CHN-006,§8.3 Origination Channels and Lead Management,Provide a pre-qualification/eligibility check that returns an indicative offer without a full application and without a hard bureau enquiry where policy allows,M,,Stated,,Position in lifecycle ambiguous (G-14a).
LOS-FR-028,FR-CHN-007,§8.3 Origination Channels and Lead Management,"Deduplicate: detect existing applications and existing customers at intake using identity, phone, email, and fuzzy name matching; block or flag per policy",M,,Stated,,
LOS-FR-029,FR-CHN-008,§8.3 Origination Channels and Lead Management,"Provide partner API for embedded origination, including partner-scoped credentials, rate limits, and per-partner product catalogue",S,M/S split,Stated,,Proposed split: core partner API = M (G-12).
LOS-FR-030,FR-CUS-001,"§8.4 Customer, Identity and KYC","Support individual, sole proprietor, partnership, limited company, and group/cooperative applicant types, each with a distinct data schema",M,,Stated,,
LOS-FR-031,FR-CUS-002,"§8.4 Customer, Identity and KYC",Retrieve existing customer data from the CBA via the abstraction layer and pre-populate the application; never re-key what the bank already holds,M,,Stated,,
LOS-FR-032,FR-CUS-003,"§8.4 Customer, Identity and KYC","Verify identity against national identity providers via pluggable adapters (e.g. BVN/NIN in Nigeria, or the tenant's configured equivalent) and record the verification result, provider, and timestamp",M,,Stated,,"Nigeria: NIBSS BVN, NIMC NIN; access/consent model [verify] (G-24)."
LOS-FR-033,FR-CUS-004,"§8.4 Customer, Identity and KYC","Perform liveness/selfie match against the identity photo where the provider supports it, with configurable match threshold",S,,Stated,,
LOS-FR-034,FR-CUS-005,"§8.4 Customer, Identity and KYC","Screen every applicant, guarantor, director, and beneficial owner against sanctions, PEP, and adverse media lists at intake and re-screen at defined checkpoints and on list updates",M,,Stated,,"Watchlist sourcing for air-gapped tenants (G-05, G-30)."
LOS-FR-035,FR-CUS-006,"§8.4 Customer, Identity and KYC","Capture and store beneficial ownership for non-individual applicants to the configured threshold, including layered ownership",M,,Stated,,
LOS-FR-036,FR-CUS-007,"§8.4 Customer, Identity and KYC","Apply risk-based CDD: standard, simplified, or enhanced due diligence driven by configurable rules over customer type, geography, product, and screening outcome",M,,Stated,,
LOS-FR-037,FR-CUS-008,"§8.4 Customer, Identity and KYC","Capture explicit, granular, timestamped consent for: bureau enquiry, data processing, marketing, and third-party data sharing — each independently recorded and withdrawable",M,,Stated,,Add GSI consent (G-27); FCCPC data-use limits (G-24).
LOS-FR-038,FR-CUS-009,"§8.4 Customer, Identity and KYC","Present a consolidated customer 360 view: existing facilities, exposure, repayment history, deposits, and prior applications, sourced live from the CBA where available",M,,Stated,Q3,[Q3] Capability-dependent per adapter manifest (FR-CBA-003/004).
LOS-FR-039,FR-CUS-010,"§8.4 Customer, Identity and KYC","Support related-party and connected-exposure linkage (group companies, directors, spouses) for aggregated exposure limits",S,M,Stated,,"Proposed M: required by FR-CRD-007, FR-CMP-023/024 (G-12)."
LOS-FR-040,FR-CUS-011,"§8.4 Customer, Identity and KYC",Push new-to-bank customer creation to the CBA at the appropriate stage and store the returned customer identifier,M,,Stated,,
LOS-FR-041,FR-APP-001,§8.5 Application Capture and Data Management,"Assign a unique, human-readable application reference on creation, with configurable format per tenant",M,,Stated,,
LOS-FR-042,FR-APP-002,§8.5 Application Capture and Data Management,"Render dynamic forms driven by product and applicant-type schema, with conditional visibility, cross-field validation, and inline error messaging",M,,Stated,,
LOS-FR-043,FR-APP-003,§8.5 Application Capture and Data Management,"Support tenant-defined custom fields (extension attributes) on core entities without schema migration, including their inclusion in rules, documents, and reports",M,,Stated,,JSONB extension attributes (G-18).
LOS-FR-044,FR-APP-004,§8.5 Application Capture and Data Management,"Support multiple applicants per application: primary, joint, guarantors, and co-signers, each with independent KYC and credit assessment",M,,Stated,,
LOS-FR-045,FR-APP-005,§8.5 Application Capture and Data Management,"Support application amendment before approval, with full field-level change history and re-triggering of affected checks",M,,Stated,,
LOS-FR-046,FR-APP-006,§8.5 Application Capture and Data Management,"Support withdrawal, cancellation, decline, and expiry as terminal states with mandatory reason codes",M,,Stated,,Declined terminal vs human review (G-14e).
LOS-FR-047,FR-APP-007,§8.5 Application Capture and Data Management,"Support cloning an application (re-application, or new facility for the same customer) with configurable field carry-over",S,,Stated,,
LOS-FR-048,FR-APP-008,§8.5 Application Capture and Data Management,Compute and display a completeness indicator showing outstanding data and documents against the product checklist,M,,Stated,,
LOS-FR-049,FR-APP-009,§8.5 Application Capture and Data Management,"Maintain application-level and stage-level SLA clocks with configurable business calendars, pause conditions (e.g. awaiting customer), and breach escalation",M,,Stated,,
LOS-FR-050,FR-DOC-001,§8.6 Document Management and Intelligent Document Processing,"Accept documents via web upload, mobile camera capture, email ingestion to a monitored address, scanner integration, API, and partner submission",M,,Stated,,Scanner / email ingestion method (G-38).
LOS-FR-051,FR-DOC-002,§8.6 Document Management and Intelligent Document Processing,"Support PDF (native and scanned), JPEG, PNG, TIFF, HEIC, and common office formats, with configurable size limits per tenant",M,,Stated,,
LOS-FR-052,FR-DOC-003,§8.6 Document Management and Intelligent Document Processing,"Apply image pre-processing: de-skew, de-noise, auto-crop, rotation correction, contrast normalization, and multi-page assembly",M,,Stated,Q5,[Q5] On-prem pipeline (G-06).
LOS-FR-053,FR-DOC-004,§8.6 Document Management and Intelligent Document Processing,Scan every upload for malware before it becomes accessible to any user,M,,Stated,,
LOS-FR-054,FR-DOC-005,§8.6 Document Management and Intelligent Document Processing,"Store documents in a content store with encryption at rest, immutable versioning, and a cryptographic hash recorded per version",M,,Stated,,
LOS-FR-055,FR-DOC-006,§8.6 Document Management and Intelligent Document Processing,"Detect duplicate documents by hash and by content similarity, including the same document submitted across different applications",M,,Stated,,
LOS-FR-056,FR-DOC-007,§8.6 Document Management and Intelligent Document Processing,"Maintain a per-application document checklist derived from product configuration, with statuses: not received, received, extracted, under review, verified, rejected, waived, expired",M,,Stated,,
LOS-FR-057,FR-DOC-008,§8.6 Document Management and Intelligent Document Processing,Support document waivers with mandatory justification and approval at the authority level configured for that document type,M,,Stated,,
LOS-FR-058,FR-DOC-009,§8.6 Document Management and Intelligent Document Processing,"Track document expiry (e.g. ID validity, valuation age, financial statement recency) and flag stale documents against configurable thresholds",M,,Stated,,
LOS-FR-059,FR-DOC-010,§8.6 Document Management and Intelligent Document Processing,"Provide a document viewer supporting annotation, redaction, side-by-side comparison, and page-level accept/reject",S,,Stated,,
LOS-FR-060,FR-DOC-020,§8.6 Document Management and Intelligent Document Processing,Automatically classify uploaded documents by type without requiring the user to declare what they uploaded; route unclassifiable items to a review queue,M,,Stated,Q5,[Q5] Build/buy/hybrid (G-06).
LOS-FR-061,FR-DOC-021,§8.6 Document Management and Intelligent Document Processing,Support a bundled upload (single PDF containing multiple document types) with automatic page-range splitting into separate classified documents,M,,Stated,Q5,[Q5] (G-06).
LOS-FR-062,FR-DOC-022,§8.6 Document Management and Intelligent Document Processing,"Extract structured data from at minimum: government ID, passport, driver's licence, utility bill, payslip, employment letter, bank statement, audited/management financial statements, tax certificate, company registration documents, board resolution, title deed, valuation report, invoice/proforma, insurance certificate",M,,Stated,Q5,[Q5] 15 document types; Nigerian formats (G-06).
LOS-FR-063,FR-DOC-023,§8.6 Document Management and Intelligent Document Processing,"Extract tabular data (statement lines, financial statement line items) preserving row/column structure and page provenance",M,,Stated,Q5,[Q5] (G-06).
LOS-FR-064,FR-DOC-024,§8.6 Document Management and Intelligent Document Processing,"Return a confidence score per extracted field, with per-field, per-document-type, per-tenant thresholds governing auto-accept versus human review",M,,Stated,Q5,[Q5] (G-06).
LOS-FR-065,FR-DOC-025,§8.6 Document Management and Intelligent Document Processing,Route any field below threshold to a human-in-the-loop verification queue showing the extracted value alongside the source document region that produced it,M,,Stated,,
LOS-FR-066,FR-DOC-026,§8.6 Document Management and Intelligent Document Processing,"Record every human correction as training feedback, retaining the original machine value, the corrected value, the corrector, and the timestamp",M,,Stated,,
LOS-FR-067,FR-DOC-027,§8.6 Document Management and Intelligent Document Processing,"Support handwritten field extraction where present on forms, at reduced confidence with mandatory review",S,,Stated,Q5,[Q5] Handwriting on-prem is weakest option (G-06).
LOS-FR-068,FR-DOC-028,§8.6 Document Management and Intelligent Document Processing,Support tenant-specific document templates (e.g. a particular employer's payslip format) as additional extraction configurations without model retraining,S,,Stated,Q5,[Q5] (G-06).
LOS-FR-069,FR-DOC-029,§8.6 Document Management and Intelligent Document Processing,"Extract and normalize to a canonical schema per document type, so that downstream rules are written against canonical fields regardless of source layout",M,,Stated,,Canonical schema per doc type is LOS-owned regardless of engine.
LOS-FR-070,FR-DOC-030,§8.6 Document Management and Intelligent Document Processing,Support multi-language document extraction for the tenant's enabled languages,C,,Stated,,
LOS-FR-071,FR-DOC-040,§8.6 Document Management and Intelligent Document Processing,"Parse bank statements from any format (PDF, CSV, scanned, or API-sourced from the CBA/open banking) into a normalized transaction ledger",M,,Stated,,Built in-house in all options (G-06). Open-banking source is an extra integration.
LOS-FR-072,FR-DOC-041,§8.6 Document Management and Intelligent Document Processing,"Categorize transactions (salary, other income, loan repayments, utilities, transfers, cash, charges) using configurable rules plus classification models",M,,Stated,,Classification models fall under model inventory (FR-CMP-040).
LOS-FR-073,FR-DOC-042,§8.6 Document Management and Intelligent Document Processing,"Identify recurring salary credits, compute average and median net monthly income, and assess income regularity and volatility",M,,Stated,,
LOS-FR-074,FR-DOC-043,§8.6 Document Management and Intelligent Document Processing,"Detect existing debt service obligations, returned/bounced items, unpaid cheques, overdraft excesses, and days-in-debit",M,,Stated,,
LOS-FR-075,FR-DOC-044,§8.6 Document Management and Intelligent Document Processing,"Compute affordability metrics — disposable income, debt service ratio, debt-to-income — using per-tenant configurable formulas",M,,Stated,,
LOS-FR-076,FR-DOC-045,§8.6 Document Management and Intelligent Document Processing,"Detect statement tampering: font/metadata inconsistency, balance arithmetic that does not reconcile, missing transaction sequence, edited-PDF indicators",M,,Stated,,
LOS-FR-077,FR-DOC-046,§8.6 Document Management and Intelligent Document Processing,Present analysis output with drill-through from every derived metric to the underlying transactions,M,,Stated,,
LOS-FR-078,FR-DOC-050,§8.6 Document Management and Intelligent Document Processing,Cross-validate extracted values against application-entered data and against other documents (e.g. name on ID vs payslip vs bank statement) and raise discrepancies as review items,M,,Stated,,
LOS-FR-079,FR-DOC-051,§8.6 Document Management and Intelligent Document Processing,"Verify documents against issuing-authority APIs where available (identity, company registry, tax authority) rather than relying on extraction alone",M,,Stated,,"Nigeria: NIMC/NIBSS, CAC, FIRS — API availability [verify]."
LOS-FR-080,FR-DOC-052,§8.6 Document Management and Intelligent Document Processing,"Flag document forgery indicators: metadata anomalies, cloned regions, inconsistent DPI, digital-signature failures on signed PDFs",S,,Stated,,
LOS-FR-081,FR-DOC-053,§8.6 Document Management and Intelligent Document Processing,"Maintain full document lineage: source, uploader, all extraction runs with model/version, all human edits, and the final accepted values",M,,Stated,,
LOS-FR-082,FR-DOC-054,§8.6 Document Management and Intelligent Document Processing,"Allow the extraction engine to be replaced per tenant (vendor OCR/IDP service, self-hosted model, or hybrid) behind a common interface, including a fully on-premise option for restricted deployments",M,,Stated,"Q5,Q4","[Q5][Q4] Drives hybrid recommendation (G-06, G-05)."
LOS-FR-083,FR-CRD-001,§8.7 Credit Assessment and Decisioning,"Provide a business-user-maintainable rules engine for eligibility, policy, and knock-out criteria, authored without code and version-controlled",M,,Stated,Q10,[Q10] (G-11). Engine build (G-21).
LOS-FR-084,FR-CRD-002,§8.7 Credit Assessment and Decisioning,"Support decision tables, decision trees, and expression-based rules, with test/simulation against historical applications before activation",M,,Stated,,Needs historical import for new tenants (G-37).
LOS-FR-085,FR-CRD-003,§8.7 Credit Assessment and Decisioning,"Retrieve credit bureau reports from multiple bureaus via adapters, with configurable bureau selection, fallback order, and caching/re-pull rules",M,,Stated,,"Nigeria: CRC, FirstCentral, CreditRegistry. Consent basis [verify] (G-24)."
LOS-FR-086,FR-CRD-004,§8.7 Credit Assessment and Decisioning,"Parse bureau reports into a canonical credit profile: existing facilities, balances, delinquency history, enquiry count, judgments, guarantees",M,,Stated,,
LOS-FR-087,FR-CRD-005,§8.7 Credit Assessment and Decisioning,"Support internal application and behavioural scorecards, with the scorecard as a versioned, configurable artefact",M,,Stated,,Behavioural data source (G-37).
LOS-FR-088,FR-CRD-006,§8.7 Credit Assessment and Decisioning,Support external scoring services and locally hosted models behind a common scoring interface,S,,Stated,,
LOS-FR-089,FR-CRD-007,§8.7 Credit Assessment and Decisioning,"Aggregate total customer and connected-group exposure across existing CBA facilities plus in-flight applications, and evaluate against single-obligor and portfolio limits",M,,Stated,,Depends on FR-CUS-010 (G-12) and limit base (G-35).
LOS-FR-090,FR-CRD-008,§8.7 Credit Assessment and Decisioning,"Compute affordability and serviceability using per-product, per-tenant configurable formulas with all inputs traceable to source",M,,Stated,,Overlaps FR-DOC-044; one affordability engine.
LOS-FR-091,FR-CRD-009,§8.7 Credit Assessment and Decisioning,"Support risk-based pricing: derive rate, fees, tenor, and amount from risk grade and configured pricing matrices",S,,Stated,,
LOS-FR-092,FR-CRD-010,§8.7 Credit Assessment and Decisioning,"Generate a structured decision output: outcome (approve/refer/decline/counter-offer), risk grade, recommended terms, and ordered reason codes",M,,Stated,,
LOS-FR-093,FR-CRD-011,§8.7 Credit Assessment and Decisioning,"Support counter-offers (reduced amount, altered tenor, additional security) as a first-class outcome with customer acceptance flow",M,,Stated,,
LOS-FR-094,FR-CRD-012,§8.7 Credit Assessment and Decisioning,"Provide financial spreading for SME/corporate: capture financial statements (extracted or manual), compute ratios, trend analysis, and projections against configurable templates",S,M,Stated,Q1,[Q1] Proposed M (G-02).
LOS-FR-095,FR-CRD-013,§8.7 Credit Assessment and Decisioning,"Support credit memo authoring with templated sections auto-populated from application data, plus free-text analyst narrative",M,,Stated,,
LOS-FR-096,FR-CRD-014,§8.7 Credit Assessment and Decisioning,"Record every decision with a complete, replayable snapshot: input values, rule set version, scorecard version, bureau report reference, and output. A decision must be reproducible years later",M,,Stated,,Evaluator version recorded per decision (G-21).
LOS-FR-097,FR-CRD-015,§8.7 Credit Assessment and Decisioning,"Support policy exceptions/overrides with mandatory reason, evidence, and approval at the configured elevated authority; exceptions are reportable as a portfolio",M,,Stated,,
LOS-FR-098,FR-CRD-016,§8.7 Credit Assessment and Decisioning,"Support champion/challenger execution of competing policy or scorecard versions, with outcome comparison reporting",C,,Stated,,
LOS-FR-099,FR-CRD-017,§8.7 Credit Assessment and Decisioning,"Support fraud checks at decision time: velocity rules, device/IP signals for digital channels, internal blacklist, and shared negative-file lookup where available",S,,Stated,,Supports BD-07; needed for self-service channel (G-09).
LOS-FR-100,FR-COL-001,§8.8 Collateral and Security,"Capture collateral of configurable types: real estate, vehicles, equipment, inventory/stock, receivables, cash/deposit lien, securities, guarantees (personal/corporate/institutional), insurance assignment",M,,Stated,,
LOS-FR-101,FR-COL-002,§8.8 Collateral and Security,"Apply per-type haircuts and compute forced-sale value, security cover ratio, and loan-to-value against product thresholds",M,,Stated,,
LOS-FR-102,FR-COL-003,§8.8 Collateral and Security,"Track valuation: valuer, date, method, amount, and expiry, with re-valuation prompts",M,,Stated,,
LOS-FR-103,FR-COL-004,§8.8 Collateral and Security,"Track perfection status through its lifecycle (search, stamping, registration, charge filing) with responsible party and due dates",M,,Stated,,Steps configurable per asset type and state (G-34).
LOS-FR-104,FR-COL-005,§8.8 Collateral and Security,"Support one collateral item securing multiple facilities, with allocation of value across them and prevention of over-allocation",M,,Stated,,
LOS-FR-105,FR-COL-006,§8.8 Collateral and Security,"Track collateral insurance: policy, insurer, sum insured, expiry, and bank interest noted",M,,Stated,,
LOS-FR-106,FR-COL-007,§8.8 Collateral and Security,Register collateral in the CBA and/or external collateral registry via adapters where the tenant requires it,S,,Stated,,National Collateral Registry for movables [verify] (G-33).
LOS-FR-107,FR-COL-008,§8.8 Collateral and Security,"Block disbursement where perfection or insurance conditions are unmet, unless waived through the exception process",M,,Stated,,"CP vs CS per product, else every mortgage needs a waiver (G-34)."
LOS-FR-108,FR-WFL-001,"§8.9 Workflow, Queues and Case Management","Provide a configurable workflow engine where stages, transitions, entry/exit conditions, and assignment rules are defined per product without code",M,,Stated,,Two-layer state model (G-13). Engine build (G-21).
LOS-FR-109,FR-WFL-002,"§8.9 Workflow, Queues and Case Management",Support parallel branches (e.g. legal documentation running alongside credit assessment) with join conditions,M,,Stated,,(G-21).
LOS-FR-110,FR-WFL-003,"§8.9 Workflow, Queues and Case Management","Route work by role, skill, branch, product, amount band, language, and workload balancing",M,,Stated,,
LOS-FR-111,FR-WFL-004,"§8.9 Workflow, Queues and Case Management","Support pull-based queues and push-based assignment, configurable per stage",M,,Stated,,
LOS-FR-112,FR-WFL-005,"§8.9 Workflow, Queues and Case Management","Support reassignment, delegation, and out-of-office cover with full attribution of who acted for whom",M,,Stated,,
LOS-FR-113,FR-WFL-006,"§8.9 Workflow, Queues and Case Management","Enforce stage SLAs with warning and breach thresholds, automatic escalation paths, and notification",M,,Stated,,
LOS-FR-114,FR-WFL-007,"§8.9 Workflow, Queues and Case Management","Support return-to-previous-stage (""send back"") with mandatory reason and targeted re-work items rather than restarting the journey",M,,Stated,,
LOS-FR-115,FR-WFL-008,"§8.9 Workflow, Queues and Case Management","Support hold/suspend states (awaiting customer, awaiting third party) that pause the SLA clock, with auto-follow-up and auto-expiry",M,,Stated,,
LOS-FR-116,FR-WFL-009,"§8.9 Workflow, Queues and Case Management","Provide a consolidated task inbox per user across all applications and stages, with filtering, sorting, bulk action, and saved views",M,,Stated,,
LOS-FR-117,FR-WFL-010,"§8.9 Workflow, Queues and Case Management","Maintain a case notes/collaboration thread per application, with internal-only and customer-visible note types, and @mention notification",M,,Stated,,
LOS-FR-118,FR-WFL-011,"§8.9 Workflow, Queues and Case Management","Support configurable auto-decisions at defined stages (auto-approve, auto-decline, auto-route) with the automated actor identified in the audit trail",M,,Stated,,
LOS-FR-119,FR-WFL-012,"§8.9 Workflow, Queues and Case Management","Support workflow versioning; in-flight applications complete on the version they started, unless explicitly migrated by an administrator with audit",M,,Stated,,
LOS-FR-120,FR-APV-001,§8.10 Approval and Delegated Lending Authority,"Configure an approval matrix keyed on product, amount, currency, risk grade, customer segment, exposure level, collateral coverage, and exception presence",M,,Stated,,Authority driven by total application exposure (G-15).
LOS-FR-121,FR-APV-002,§8.10 Approval and Delegated Lending Authority,"Support individual approval limits per user, per role, and per organizational unit, with the effective limit being the most restrictive applicable",M,,Stated,,
LOS-FR-122,FR-APV-003,§8.10 Approval and Delegated Lending Authority,"Support sequential, parallel, and quorum-based (committee) approval, including configurable quorum size and majority rules",M,,Stated,,
LOS-FR-123,FR-APV-004,§8.10 Approval and Delegated Lending Authority,"Support committee workflow: agenda assembly, decision packet distribution, individual voting with recorded rationale, abstention, and minuted outcome",S,M,Stated,Q1,"[Q1] Proposed M (G-02, G-12)."
LOS-FR-124,FR-APV-005,§8.10 Approval and Delegated Lending Authority,"Enforce that an approver cannot approve an application they originated, recommended, or previously approved at a lower level",M,,Stated,,
LOS-FR-125,FR-APV-006,§8.10 Approval and Delegated Lending Authority,"Support temporary delegation of authority with mandatory start/end dates, an explicit delegator, and a hard cap not exceeding the delegator's own limit",M,,Stated,,
LOS-FR-126,FR-APV-007,§8.10 Approval and Delegated Lending Authority,Automatically escalate to the next authority level when limits are exceeded or exceptions are present,M,,Stated,,
LOS-FR-127,FR-APV-008,§8.10 Approval and Delegated Lending Authority,Require approvers to record a decision rationale; decline and conditional-approval outcomes require reason codes,M,,Stated,,
LOS-FR-128,FR-APV-009,§8.10 Approval and Delegated Lending Authority,"Support approval with conditions, which become tracked conditions precedent or subsequent",M,,Stated,,
LOS-FR-129,FR-APV-010,§8.10 Approval and Delegated Lending Authority,"Present approvers with a complete decision packet: application, credit analysis, bureau output, score, exposure, collateral, exceptions, documents, and full prior decision history",M,,Stated,,
LOS-FR-130,FR-APV-011,§8.10 Approval and Delegated Lending Authority,Support mobile approval with the same authorization controls and step-up authentication,S,,Stated,Q9,[Q9] Responsive web + step-up (G-10).
LOS-FR-131,FR-APV-012,§8.10 Approval and Delegated Lending Authority,Time-bound approvals with configurable validity; expiry requires re-approval rather than silent lapse into disbursement,M,,Stated,,
LOS-FR-132,FR-OFR-001,"§8.11 Offer, Acceptance and Execution","Generate offer letters and facility agreements from tenant-configurable templates merged with application data, in PDF",M,,Stated,,
LOS-FR-133,FR-OFR-002,"§8.11 Offer, Acceptance and Execution",Include a complete key-facts/cost-of-credit summary as required by the applicable jurisdiction regulatory pack,M,,Stated,,Nigeria disclosure content [verify] (G-24).
LOS-FR-134,FR-OFR-003,"§8.11 Offer, Acceptance and Execution","Generate and display the full repayment schedule prior to acceptance, matching the schedule that will be booked",M,,Stated,Q6,"[Q6] Schedule ownership + variance check (G-07, G-36)."
LOS-FR-135,FR-OFR-004,"§8.11 Offer, Acceptance and Execution","Deliver offers to customers by email, SMS link, in-app, and printable branch copy",M,,Stated,,
LOS-FR-136,FR-OFR-005,"§8.11 Offer, Acceptance and Execution","Capture acceptance electronically with e-signature, or record wet-signature acceptance with the executed document uploaded",M,,Stated,,Wet-sign mandatory for some instruments (G-26).
LOS-FR-137,FR-OFR-006,"§8.11 Offer, Acceptance and Execution","Integrate e-signature providers via a pluggable adapter, capturing the signature certificate, audit trail, and signing timestamps",M,,Stated,,
LOS-FR-138,FR-OFR-007,"§8.11 Offer, Acceptance and Execution","Enforce offer validity periods with expiry, reminder notifications, and configurable re-issue rules",M,,Stated,,
LOS-FR-139,FR-OFR-008,"§8.11 Offer, Acceptance and Execution","Support customer rejection or negotiation, routing back to credit for revised terms",M,,Stated,,Needs Offer → Assessment transition (G-14d).
LOS-FR-140,FR-OFR-009,"§8.11 Offer, Acceptance and Execution","Support multi-party signing (joint applicants, guarantors, witnesses, bank signatories) in configured order",M,,Stated,,
LOS-FR-141,FR-OFR-010,"§8.11 Offer, Acceptance and Execution","Store the executed agreement immutably, hash-recorded, and linked to the exact template version used",M,,Stated,,
LOS-FR-142,FR-CPR-001,§8.12 Conditions Precedent and Pre-Disbursement Control,"Maintain conditions precedent and conditions subsequent as tracked items with owner, due date, evidence attachment, and sign-off",M,,Stated,,
LOS-FR-143,FR-CPR-002,§8.12 Conditions Precedent and Pre-Disbursement Control,"Hard-block disbursement while any mandatory CP is outstanding, overridable only through the exception/waiver process at configured authority",M,,Stated,,
LOS-FR-144,FR-CPR-003,§8.12 Conditions Precedent and Pre-Disbursement Control,"Enforce a final pre-disbursement checklist: KYC current, screening clear, documentation executed, security perfected, insurance in force, account details verified, approval unexpired",M,,Stated,,
LOS-FR-145,FR-CPR-004,§8.12 Conditions Precedent and Pre-Disbursement Control,Re-run sanctions/PEP screening immediately before disbursement and block on a hit,M,,Stated,,
LOS-FR-146,FR-CPR-005,§8.12 Conditions Precedent and Pre-Disbursement Control,"Verify the disbursement destination account: name match against the applicant, and confirm the account is active via the CBA or interbank name-enquiry service",M,,Stated,,Nigeria: NIBSS NIP name enquiry.
LOS-FR-147,FR-CPR-006,§8.12 Conditions Precedent and Pre-Disbursement Control,"Track conditions subsequent past disbursement, with ownership handover to servicing and escalation on breach",S,M,Stated,,Proposed M: FR-HND-003 depends on it (G-12).
LOS-FR-148,FR-DSB-001,§8.13 Disbursement and Booking,"Create the loan account in the CBA through the abstraction layer, passing the mapped product, terms, schedule basis, and customer identifier",M,,Stated,,
LOS-FR-149,FR-DSB-002,§8.13 Disbursement and Booking,"Support disbursement modes: full single, tranched/milestone, revolving line activation, and third-party/vendor payment (e.g. direct to dealer or seller)",M,,Stated,,Tranches after Booked (G-14c).
LOS-FR-150,FR-DSB-003,§8.13 Disbursement and Booking,"Support tranche schedules with per-tranche conditions, approval, and independent release",M,,Stated,,(G-14c).
LOS-FR-151,FR-DSB-004,§8.13 Disbursement and Booking,"Deduct upfront fees, charges, and insurance premiums at disbursement per product configuration, itemized on the customer advice",M,,Stated,,VAT / stamp duty / premiums (G-36).
LOS-FR-152,FR-DSB-005,§8.13 Disbursement and Booking,Guarantee exactly-once disbursement via idempotency keys; a retry or duplicate instruction must never result in a second posting,M,,Stated,,
LOS-FR-153,FR-DSB-006,§8.13 Disbursement and Booking,"Handle asynchronous, deferred, and partial CBA responses, holding the application in a definite pending state rather than assuming success",M,,Stated,,Disbursing sub-states (G-14f).
LOS-FR-154,FR-DSB-007,§8.13 Disbursement and Booking,"Detect and surface CBA posting failures as actionable exceptions with retry, manual-intervention, and compensating-reversal paths",M,,Stated,,
LOS-FR-155,FR-DSB-008,§8.13 Disbursement and Booking,"Reconcile daily between LOS disbursement records and CBA postings, reporting breaks in an exception dashboard",M,,Stated,,
LOS-FR-156,FR-DSB-009,§8.13 Disbursement and Booking,"Enforce maker-checker on disbursement release, with the checker distinct from the maker and from the approver where policy requires",M,,Stated,,
LOS-FR-157,FR-DSB-010,§8.13 Disbursement and Booking,Support direct debit / standing instruction / payroll deduction mandate setup at booking via the appropriate adapter,S,M (salary-backed),Stated,,"Proposed M for salary-backed products (G-27, G-12)."
LOS-FR-158,FR-DSB-011,§8.13 Disbursement and Booking,Generate and deliver a disbursement advice and the final amortization schedule to the customer,M,,Stated,,
LOS-FR-159,FR-DSB-012,§8.13 Disbursement and Booking,"Support cancellation and reversal of a disbursement within a configurable window, with compensating CBA instruction and full audit",M,,Stated,,Reversal outcome modelling (G-14i).
LOS-FR-160,FR-HND-001,§8.14 Handover to Servicing,"On successful booking, transition the application to a terminal Booked state and publish a facility-created event consumable by downstream systems",M,,Stated,,LMS/servicing handoff via published event.
LOS-FR-161,FR-HND-002,§8.14 Handover to Servicing,"Transfer the complete document set, or durable references to it, to the tenant's document/records system where one exists",M,,Stated,,
LOS-FR-162,FR-HND-003,§8.14 Handover to Servicing,"Hand over open conditions subsequent, collateral perfection items, and insurance expiries to the responsible servicing owner",M,,Stated,,
LOS-FR-163,FR-HND-004,§8.14 Handover to Servicing,Retain the origination record and its audit trail in the LOS for the configured retention period regardless of downstream handover,M,,Stated,,Retention trigger (G-29).
LOS-FR-164,FR-HND-005,§8.14 Handover to Servicing,"Support post-booking data corrections through a controlled, audited amendment process rather than direct edit",M,,Stated,,
LOS-FR-165,FR-NTF-001,§8.15 Notifications and Communications,"Send notifications over email, SMS, push, in-app, and webhook, with per-tenant provider adapters",M,,Stated,,Push needs app/web-push (A-08); WhatsApp not listed (G-33).
LOS-FR-166,FR-NTF-002,§8.15 Notifications and Communications,"Configure templates per event, channel, language, and tenant, with maker-checker on template changes",M,,Stated,,
LOS-FR-167,FR-NTF-003,§8.15 Notifications and Communications,"Respect customer communication preferences and consent, including opt-out for non-essential messages",M,,Stated,,
LOS-FR-168,FR-NTF-004,§8.15 Notifications and Communications,Provide applicants with status visibility and outstanding-requirement prompts through a tracking link or portal,M,,Stated,Q8,[Q8] (G-09).
LOS-FR-169,FR-NTF-005,§8.15 Notifications and Communications,"Retain a complete communication log per application: what was sent, to whom, when, through which channel, and its delivery status",M,,Stated,,
LOS-FR-170,FR-NTF-006,§8.15 Notifications and Communications,Suppress duplicate notifications and apply configurable rate limits and quiet hours,S,,Stated,,
LOS-FR-171,FR-CBA-001,§9 Core Banking Abstraction Layer,"Define a versioned canonical interface covering the operations in §9.2, with backward-compatible evolution rules",M,,Stated,,
LOS-FR-172,FR-CBA-002,§9 Core Banking Abstraction Layer,"Ensure no CBA-specific identifier, field, code, or behaviour exists outside an adapter; enforce with automated architectural tests in CI",M,,Stated,,
LOS-FR-173,FR-CBA-003,§9 Core Banking Abstraction Layer,"Provide a capability manifest per adapter declaring which operations it supports natively, emulates, or cannot support",M,,Stated,,
LOS-FR-174,FR-CBA-004,§9 Core Banking Abstraction Layer,"Degrade gracefully against declared capability: where an operation is unsupported, substitute a configured alternative (manual task, batch file, or LOS-side computation) rather than failing the journey",M,,Stated,,
LOS-FR-175,FR-CBA-005,§9 Core Banking Abstraction Layer,"Support synchronous, asynchronous/callback, batch-file, and message-queue interaction styles within one adapter model",M,,Stated,,
LOS-FR-176,FR-CBA-006,§9 Core Banking Abstraction Layer,"Provide a fallback adapter for tenants whose CBA offers no API: structured file export/import plus a manual operations queue, preserving the same LOS journey",M,,Stated,,
LOS-FR-177,FR-CBA-007,§9 Core Banking Abstraction Layer,"Attach an idempotency key to every state-changing operation and correctly handle duplicate submission, timeout-then-success, and partial failure",M,,Stated,,
LOS-FR-178,FR-CBA-008,§9 Core Banking Abstraction Layer,Implement the transactional outbox pattern so a committed LOS state change always eventually dispatches its CBA instruction,M,,Stated,,
LOS-FR-179,FR-CBA-009,§9 Core Banking Abstraction Layer,Implement saga-style compensation for multi-step operations (create account → disburse → post fees) with defined compensating actions per step,M,,Stated,,
LOS-FR-180,FR-CBA-010,§9 Core Banking Abstraction Layer,"Apply per-adapter timeout, retry policy with backoff, and circuit breaking; open circuits raise operational alerts",M,,Stated,,
LOS-FR-181,FR-CBA-011,§9 Core Banking Abstraction Layer,Translate CBA-native error codes into a canonical error taxonomy (retryable / non-retryable / requires-intervention / business-rejection),M,,Stated,,
LOS-FR-182,FR-CBA-012,§9 Core Banking Abstraction Layer,"Configure field and code mapping (product codes, GL accounts, branch codes, currency codes, customer types) per tenant without code changes",M,,Stated,,
LOS-FR-183,FR-CBA-013,§9 Core Banking Abstraction Layer,"Provide a conformance test suite (""certification kit"") every new adapter must pass, covering happy paths, timeouts, duplicates, partial failures, and compensation",M,,Stated,,
LOS-FR-184,FR-CBA-014,§9 Core Banking Abstraction Layer,Provide an adapter SDK and documentation enabling a bank's own IT team or a third party to build an adapter without vendor involvement,S,,Stated,,"Out-of-process adapters, language-neutral contract (G-20)."
LOS-FR-185,FR-CBA-015,§9 Core Banking Abstraction Layer,"Provide a mock/simulator CBA for implementation, testing, and demonstration, configurable to inject failures and latency",M,,Stated,,
LOS-FR-186,FR-CBA-016,§9 Core Banking Abstraction Layer,"Log every CBA interaction — request, response, latency, correlation ID, adapter version — with PII masking, retained per audit policy",M,,Stated,,
LOS-FR-187,FR-CBA-017,§9 Core Banking Abstraction Layer,"Run scheduled reconciliation between LOS-believed state and CBA actual state, reporting all breaks",M,,Stated,,
LOS-FR-188,FR-CBA-018,§9 Core Banking Abstraction Layer,"Support hot-swapping or upgrading an adapter without LOS core redeployment, with version pinning per tenant",S,,Stated,,Not achievable in-process; out-of-process runtime (G-20).
LOS-FR-189,FR-CBA-019,§9 Core Banking Abstraction Layer,Cache read-heavy CBA reference data with configurable TTL and explicit invalidation; never cache balances or exposure used for a live limit decision beyond a short configured window,M,,Stated,,
LOS-FR-190,FR-CBA-020,§9 Core Banking Abstraction Layer,"Extend the same adapter pattern to all external integrations — bureaus, KYC providers, screening, e-signature, payments, notifications — so no external vendor is hard-coded",M,,Stated,,
LOS-FR-191,FR-CMP-001,§10.1 Framework,"Implement regulatory obligations as pluggable jurisdiction packs, versioned and effective-dated, so a rule change is a configuration release not a code release",M,,Stated,,Pack = jurisdiction × licence category (G-23).
LOS-FR-192,FR-CMP-002,§10.1 Framework,"Support multiple jurisdiction packs on one deployment for tenants operating across borders, resolved by the booking entity",S,C (v2),Stated,Q2,[Q2] Proposed defer to v2 (G-03).
LOS-FR-193,FR-CMP-003,§10.1 Framework,"Maintain an effective-dated register of regulatory rules with citation reference, so any historical decision can be evaluated against the rule in force at the time",M,,Stated,,BRD cites no regulation (A-15).
LOS-FR-194,FR-CMP-010,§10.2 AML / CFT and Financial Crime,Enforce completion of KYC/CDD to the required standard before decisioning; block progression on incomplete CDD,M,,Stated,,
LOS-FR-195,FR-CMP-011,§10.2 AML / CFT and Financial Crime,"Screen all parties against sanctions, PEP, and internal watchlists at intake, at approval, and immediately before disbursement",M,,Stated,,Includes CPF (proliferation financing) [verify] (G-24).
LOS-FR-196,FR-CMP-012,§10.2 AML / CFT and Financial Crime,"Re-screen the in-flight population automatically when watchlists are updated, raising alerts on new matches",M,,Stated,,
LOS-FR-197,FR-CMP-013,§10.2 AML / CFT and Financial Crime,"Provide an alert management workspace: match scoring, false-positive disposition with reason, escalation, and four-eyes clearance for true matches",M,,Stated,,
LOS-FR-198,FR-CMP-014,§10.2 AML / CFT and Financial Crime,Prevent any user from clearing a screening alert on an application they originated,M,,Stated,,
LOS-FR-199,FR-CMP-015,§10.2 AML / CFT and Financial Crime,Capture source of funds and source of wealth where the risk rating requires it,M,,Stated,,
LOS-FR-200,FR-CMP-016,§10.2 AML / CFT and Financial Crime,Provide structured data extracts to support suspicious transaction/activity reporting to the relevant FIU,M,,Stated,,Target NFIU goAML schema [verify] (G-24).
LOS-FR-201,FR-CMP-017,§10.2 AML / CFT and Financial Crime,"Retain all screening evidence — list version, query, response, disposition — for the statutory retention period",M,,Stated,,
LOS-FR-202,FR-CMP-020,§10.3 Credit Regulation and Reporting,"Enforce mandatory credit bureau enquiry before approval where the jurisdiction requires it, and block approval without a valid, in-date report",M,,Stated,,
LOS-FR-203,FR-CMP-021,§10.3 Credit Regulation and Reporting,Record and enforce customer consent as a precondition to bureau enquiry,M,,Stated,,
LOS-FR-204,FR-CMP-022,§10.3 Credit Regulation and Reporting,"Generate regulatory credit reporting extracts (e.g. Nigeria's CRMS submission and bureau reporting) in the prescribed format and cadence, as a configurable pack artefact",M,,Stated,,Reword: origination-time obligations only (G-25).
LOS-FR-205,FR-CMP-023,§10.3 Credit Regulation and Reporting,"Enforce regulatory limits: single-obligor limits, insider/related-party lending rules and their distinct approval paths, and sectoral caps where mandated",M,,Stated,,Limits differ by licence (G-23); limit base (G-35).
LOS-FR-206,FR-CMP-024,§10.3 Credit Regulation and Reporting,Flag insider and related-party applications automatically and route them through the elevated approval path with board-level reporting,M,,Stated,,Insider register source (G-35).
LOS-FR-207,FR-CMP-025,§10.3 Credit Regulation and Reporting,"Generate mandated pre-contractual disclosures — total cost of credit, effective interest rate, all fees, cooling-off rights where applicable — using the jurisdiction pack's calculation method and template",M,,Stated,,(G-24).
LOS-FR-208,FR-CMP-026,§10.3 Credit Regulation and Reporting,"Issue adverse action notices on decline where required, containing the principal reasons in customer-comprehensible language",M,,Stated,,
LOS-FR-209,FR-CMP-027,§10.3 Credit Regulation and Reporting,"Support responsible-lending affordability assessment as a mandatory, evidenced gate where the jurisdiction requires it",M,,Stated,,
LOS-FR-210,FR-CMP-030,§10.4 Data Protection and Privacy,Comply with applicable data protection law (Nigeria Data Protection Act 2023 for the reference pack; GDPR-equivalent controls for other jurisdictions),M,,Stated,,"Not testable as written; decomposed into CMP-031..037 + GAID (G-24, G-42)."
LOS-FR-211,FR-CMP-031,§10.4 Data Protection and Privacy,"Maintain a data inventory identifying every PII field, its lawful basis, purpose, and retention period",M,,Stated,,
LOS-FR-212,FR-CMP-032,§10.4 Data Protection and Privacy,"Capture, store, and honour granular consent, including withdrawal, with consent history retained",M,,Stated,,
LOS-FR-213,FR-CMP-033,§10.4 Data Protection and Privacy,"Support data subject rights: access, rectification, erasure, portability, and restriction — subject to statutory retention overrides, with the override reason recorded",M,,Stated,,
LOS-FR-214,FR-CMP-034,§10.4 Data Protection and Privacy,"Enforce configurable retention schedules with automated purge or anonymization at expiry, and legal hold to suspend purge",M,,Stated,,Retention trigger (G-29).
LOS-FR-215,FR-CMP-035,§10.4 Data Protection and Privacy,"Restrict data residency to the configured jurisdiction, including backups, logs, and any third-party processing",M,,Stated,,Processor location enforcement (G-30).
LOS-FR-216,FR-CMP-036,§10.4 Data Protection and Privacy,"Mask PII by default in the UI, logs, exports, and lower environments; unmasking is an explicit, permissioned, logged action",M,,Stated,,
LOS-FR-217,FR-CMP-037,§10.4 Data Protection and Privacy,"Maintain a record of third-party processors, the data shared, and the legal basis for each transfer",S,M,Stated,,Proposed M; residency enforcement depends on it (G-30).
LOS-FR-218,FR-CMP-040,§10.5 Model and Decision Governance,"Maintain a model inventory covering every scorecard, extraction model, and classification model in use, with owner, version, and validation date",M,,Stated,,
LOS-FR-219,FR-CMP-041,§10.5 Model and Decision Governance,Version-control models and require documented validation and approval before any model is activated in production,M,,Stated,,
LOS-FR-220,FR-CMP-042,§10.5 Model and Decision Governance,"Monitor model performance and input drift, alerting owners on degradation beyond configured thresholds",S,,Stated,,
LOS-FR-221,FR-CMP-043,§10.5 Model and Decision Governance,Store per-decision reason codes sufficient to explain any automated outcome to a customer or regulator,M,,Stated,,
LOS-FR-222,FR-CMP-044,§10.5 Model and Decision Governance,"Support a right to human review of fully automated decisions where the jurisdiction requires it, with a defined route to a human decision-maker",M,,Stated,,NDPA automated-decision provision [verify] (G-24); state model (G-14e).
LOS-FR-223,FR-CMP-045,§10.5 Model and Decision Governance,"Support fair-lending and disparate-impact monitoring by producing outcome distributions across configured attributes, without those attributes being used as decision inputs",S,,Stated,,Sensitive-data attributes need DPIA (G-28).
LOS-FR-224,FR-AUD-001,§11 Audit and Traceability,"Record an immutable, append-only audit event for every state change, decision, configuration change, and privileged data access",M,,Stated,,
LOS-FR-225,FR-AUD-002,§11 Audit and Traceability,"Capture on every event: actor identity, actor role and effective permissions at the time, timestamp with timezone, source IP and device, action, entity, before and after values, correlation ID, and reason where the action requires one",M,,Stated,,
LOS-FR-226,FR-AUD-003,§11 Audit and Traceability,"Make audit records non-editable and non-deletable by any user, including platform administrators and DBAs",M,,Stated,,"Interpretation: prevent for users, detect + anchor for DBAs (G-22)."
LOS-FR-227,FR-AUD-004,§11 Audit and Traceability,Apply tamper evidence — hash chaining or equivalent — with a verification routine that detects any alteration,M,,Stated,,Chain head anchored to WORM / SIEM (G-22).
LOS-FR-228,FR-AUD-005,§11 Audit and Traceability,"Attribute automated and system actions to a named system identity, never to a generic or ambiguous actor",M,,Stated,,
LOS-FR-229,FR-AUD-006,§11 Audit and Traceability,"Log all read access to PII and to application data, distinguishing the access purpose where the workflow provides it",M,,Stated,,
LOS-FR-230,FR-AUD-007,§11 Audit and Traceability,"Log every authentication event, permission change, role assignment, delegation, and failed authorization attempt",M,,Stated,,
LOS-FR-231,FR-AUD-008,§11 Audit and Traceability,"Log every external integration call and its response, with PII masked",M,,Stated,,
LOS-FR-232,FR-AUD-009,§11 Audit and Traceability,"Provide an audit explorer with search and filter by application, user, date range, action type, and entity, available to auditors without granting operational permissions",M,,Stated,,
LOS-FR-233,FR-AUD-010,§11 Audit and Traceability,"Generate an **evidence pack** for any application on demand: complete timeline, all documents with hashes, all decisions with their inputs and versions, all approvals with authority basis, all screening results, and all communications — exportable as a single signed archive",M,,Stated,,
LOS-FR-234,FR-AUD-011,§11 Audit and Traceability,Reconstruct the exact state of any application as at any past point in time (temporal query),M,,Stated,,Event-sourced application aggregate (PR-04).
LOS-FR-235,FR-AUD-012,§11 Audit and Traceability,Retain audit records for the configured statutory period independent of the operational data retention schedule,M,,Stated,,
LOS-FR-236,FR-AUD-013,§11 Audit and Traceability,Support write-once storage or equivalent immutability guarantee for audit and document stores,M,,Stated,,On-prem needs Object-Lock-compatible store (G-22).
LOS-FR-237,FR-AUD-014,§11 Audit and Traceability,Support streaming audit events to the tenant's SIEM in a standard format,S,,Stated,,
LOS-FR-238,FR-AUD-015,§11 Audit and Traceability,"Alert on suspicious patterns: bulk export, out-of-hours privileged access, repeated failed authorization, unusual override frequency by user",S,,Stated,,
LOS-FR-239,FR-AUD-016,§11 Audit and Traceability,"Provide a report of all overrides, waivers, exceptions, and manual interventions across a period, by user and by type",M,,Stated,,
LOS-FR-240,FR-SEC-001,§12 Security and Access Control,"Provide fine-grained permissions at the level of resource and action, including field-level control for sensitive attributes",M,,Stated,,
LOS-FR-241,FR-SEC-002,§12 Security and Access Control,Allow tenants to define custom roles and to clone and modify a library of standard roles,M,,Stated,,
LOS-FR-242,FR-SEC-003,§12 Security and Access Control,Deny by default: an unassigned permission is denied; a newly created role holds nothing,M,,Stated,,
LOS-FR-243,FR-SEC-004,§12 Security and Access Control,"Support multiple concurrent role assignments per user, with effective access as the union of granted permissions constrained by each assignment's scope",M,,Stated,,
LOS-FR-244,FR-SEC-005,§12 Security and Access Control,"Support all scope dimensions listed in §12.1, combinable within a single assignment",M,,Stated,,
LOS-FR-245,FR-SEC-006,§12 Security and Access Control,"Enforce a configurable segregation-of-duties matrix defining mutually exclusive role pairs, blocking conflicting assignment and reporting existing conflicts",M,,Stated,,
LOS-FR-246,FR-SEC-007,§12 Security and Access Control,"Enforce maker-checker on configurable actions: configuration changes, product activation, limit changes, role assignment, disbursement release, template changes",M,,Stated,,
LOS-FR-247,FR-SEC-008,§12 Security and Access Control,"Support time-bound access: effective-dated assignments, temporary elevation with automatic expiry, and mandatory expiry on delegation",M,,Stated,,
LOS-FR-248,FR-SEC-009,§12 Security and Access Control,"Provide break-glass emergency access requiring justification, triggering immediate alerts to security and management, auto-expiring, and generating a mandatory post-use review",M,,Stated,,
LOS-FR-249,FR-SEC-010,§12 Security and Access Control,"Support periodic access recertification campaigns where managers attest to their team's entitlements, with revocation of unattested access",S,,Stated,,
LOS-FR-250,FR-SEC-011,§12 Security and Access Control,"Provide an ""effective access"" view showing exactly what a given user can see and do, and why (which assignment grants it)",M,,Stated,,
LOS-FR-251,FR-SEC-012,§12 Security and Access Control,"Integrate with tenant identity providers via SAML 2.0 and OIDC, supporting SSO and SCIM-based user lifecycle provisioning and deprovisioning",M,,Stated,,Built-in IdP for tenants without one (G-32); LDAP (G-33).
LOS-FR-252,FR-SEC-013,§12 Security and Access Control,"Enforce MFA, with step-up authentication for high-risk actions (approval above threshold, disbursement release, PII unmask, configuration change)",M,,Stated,,Applies on every device incl. mobile approval (G-10).
LOS-FR-253,FR-SEC-014,§12 Security and Access Control,"Apply the same permission model to API access; service accounts and partner credentials are scoped identically to human users, with no privileged bypass",M,,Stated,,
LOS-FR-254,FR-SEC-015,§12 Security and Access Control,"Enforce session controls: idle timeout, absolute timeout, concurrent session limits, and forced re-authentication after privilege change",M,,Stated,,
LOS-FR-255,FR-SEC-016,§12 Security and Access Control,"Encrypt data in transit (TLS 1.3) and at rest, with tenant-level key separation and support for customer-managed keys",M,,Stated,,Per-tenant keys via KMS/HSM abstraction.
LOS-FR-256,FR-SEC-017,§12 Security and Access Control,"Apply field-level encryption to the most sensitive attributes (identity numbers, account numbers) with access mediated by permission",M,,Stated,,
LOS-FR-257,FR-SEC-018,§12 Security and Access Control,Never expose production PII in non-production environments; provide deterministic anonymization for test data refresh,M,,Stated,,
LOS-FR-258,FR-SEC-019,§12 Security and Access Control,"Enforce rate limiting, input validation, and protection against the OWASP Top 10 across all interfaces",M,,Stated,,Raised to OWASP ASVS L2/L3 (A-17).
LOS-FR-259,FR-SEC-020,§12 Security and Access Control,Support IP allow-listing and device-binding per tenant where required,S,,Stated,,
LOS-FR-260,FR-RPT-001,§13 Reporting and Analytics,"Provide role-scoped operational dashboards: pipeline by stage, TAT by stage, SLA breaches, queue volumes, aging",M,,Stated,,
LOS-FR-261,FR-RPT-002,§13 Reporting and Analytics,"Provide management reporting: volumes and values by product, channel, branch, officer, and segment; approval and decline rates; STP rate",M,,Stated,,
LOS-FR-262,FR-RPT-003,§13 Reporting and Analytics,"Provide risk reporting: score distribution, risk grade mix, exception and override volumes, exposure concentration, collateral coverage",M,,Stated,,
LOS-FR-263,FR-RPT-004,§13 Reporting and Analytics,"Provide productivity reporting by user and team: throughput, cycle time, rework, and override rate",S,,Stated,,
LOS-FR-264,FR-RPT-005,§13 Reporting and Analytics,"Provide funnel and drop-off analysis by channel and stage, including reasons for abandonment",S,,Stated,,
LOS-FR-265,FR-RPT-006,§13 Reporting and Analytics,"Generate jurisdiction-pack regulatory reports in prescribed formats on the prescribed cadence, with a submission log",M,,Stated,,
LOS-FR-266,FR-RPT-007,§13 Reporting and Analytics,"Provide user-definable reports over a governed semantic layer, respecting the requesting user's RBAC scope",S,,Stated,,
LOS-FR-267,FR-RPT-008,§13 Reporting and Analytics,"Support scheduled report delivery and export in CSV, XLSX, and PDF, with every export logged",M,,Stated,,
LOS-FR-268,FR-RPT-009,§13 Reporting and Analytics,Publish a data extract or streaming feed to the tenant's data warehouse or lake without direct access to the operational database,M,,Stated,,
LOS-FR-269,FR-RPT-010,§13 Reporting and Analytics,Enforce RBAC scope on all reporting; no report may reveal data the user could not see in the application,M,,Stated,,
LOS-NFR-001,NFR-001,§14 Non-Functional Requirements,[Performance] Interactive screens respond within 2s at the 95th percentile under expected peak load,M*,,Stated,,'Expected peak load' undefined (G-42).
LOS-NFR-002,NFR-002,§14 Non-Functional Requirements,"[Performance] Automated decisioning completes within 30s at p95, excluding external provider latency, which is separately measured and reported",M*,,Stated,,
LOS-NFR-003,NFR-003,§14 Non-Functional Requirements,[Performance] Document classification and extraction completes within 60s at p95 for a document up to 20 pages,M*,,Stated,,On-prem hardware sizing (G-06).
LOS-NFR-004,NFR-004,§14 Non-Functional Requirements,"[Scalability] Horizontally scalable; a tenant's growth is met by adding capacity, not by re-architecture. Target and peak volumes to be set per tenant at discovery",M*,,Stated,,Volumes undefined (G-42).
LOS-NFR-005,NFR-005,§14 Non-Functional Requirements,"[Availability] 99.9% monthly availability for core origination services, excluding scheduled maintenance windows",M*,,Stated,,Not achievable on single VPS (G-19).
LOS-NFR-006,NFR-006,§14 Non-Functional Requirements,"[Resilience] Degrade gracefully when an external provider is unavailable: queue, retry, and surface an exception; never lose a submitted application",M*,,Stated,,
LOS-NFR-007,NFR-007,§14 Non-Functional Requirements,"[Recovery] RPO ≤ 15 minutes, RTO ≤ 4 hours; documented and tested DR at least annually",M*,,Stated,,(G-19).
LOS-NFR-008,NFR-008,§14 Non-Functional Requirements,[Data integrity] No committed application data loss under any single-node failure,M*,,Stated,,Requires synchronous DB replication (G-19).
LOS-NFR-009,NFR-009,§14 Non-Functional Requirements,"[Deployability] One artefact deployable as multi-tenant SaaS, single-tenant private cloud, or on-premise, without code divergence",M*,,Stated,,
LOS-NFR-010,NFR-010,§14 Non-Functional Requirements,"[Deployability] Containerized, infrastructure-as-code provisioned, with zero-downtime rolling upgrades",M*,,Stated,,(G-19).
LOS-NFR-011,NFR-011,§14 Non-Functional Requirements,[Observability] Distributed tracing with a correlation ID propagated across every service and adapter call; structured logging; business and technical metrics,M*,,Stated,,
LOS-NFR-012,NFR-012,§14 Non-Functional Requirements,[Maintainability] Configuration changes take effect without restart; no tenant requires a code fork,M*,,Stated,,
LOS-NFR-013,NFR-013,§14 Non-Functional Requirements,[Usability] Primary application capture completable by a trained officer without switching to another system for any routine task,M*,,Stated,,
LOS-NFR-014,NFR-014,§14 Non-Functional Requirements,[Accessibility] WCAG 2.2 Level AA for all customer-facing and staff interfaces,M*,,Stated,,WCAG 2.2 AA governs over brief's 2.1 (G-46).
LOS-NFR-015,NFR-015,§14 Non-Functional Requirements,"[Compatibility] Current and prior major versions of Chrome, Edge, Safari, and Firefox; responsive down to tablet; native or PWA for field agents",M*,,Stated,,Design handoff is fixed 1440px (G-45).
LOS-NFR-016,NFR-016,§14 Non-Functional Requirements,"[Low bandwidth] Usable over constrained and intermittent connectivity, with graceful handling of upload interruption",M*,,Stated,,Resumable chunked uploads.
LOS-NFR-017,NFR-017,§14 Non-Functional Requirements,"[Localization] Language, currency, number, date, address, and name-format handling configurable per tenant and per jurisdiction",M*,,Stated,,
LOS-NFR-018,NFR-018,§14 Non-Functional Requirements,[Testability] Every tenant has a non-production environment with a CBA simulator and anonymized data,M*,,Stated,,
LOS-NFR-019,NFR-019,§14 Non-Functional Requirements,"[Interoperability] Public API documented to OpenAPI 3.x, versioned, with a published deprecation policy and sandbox",M*,,Stated,,
LOS-NFR-020,NFR-020,§14 Non-Functional Requirements,[Portability] Tenants can export their complete data set in documented open formats on exit,M*,,Stated,,
LOS-FR-270,FR-CFG-001,§17 Configuration and Extensibility Model,Provide an administrative console covering all layers 1–4 without developer involvement,M,,Stated,,
LOS-FR-271,FR-CFG-002,§17 Configuration and Extensibility Model,"Validate configuration on save, with clear error reporting, and prevent activation of internally inconsistent configuration",M,,Stated,,
LOS-FR-272,FR-CFG-003,§17 Configuration and Extensibility Model,"Provide a tenant onboarding accelerator: baseline configuration templates by institution type, reducing greenfield setup",S,,Stated,,
LOS-FR-273,FR-CFG-004,§17 Configuration and Extensibility Model,Ensure platform upgrades never overwrite tenant configuration; surface any configuration made obsolete by an upgrade,M,,Stated,,
LOS-FR-274,(unnumbered),"BRD §6, §12.3","Platform Operator: tenant lifecycle management (provision, configure isolation mode, suspend, decommission) from a vendor operator console.",M,,Stated (unnumbered),,G-31
LOS-FR-275,(unnumbered),BRD §6,"Platform Operator: adapter registry, registering adapter versions and pinning them per tenant.",M,,Stated (unnumbered),,G-31; relates FR-CBA-018
LOS-FR-276,(unnumbered),BRD §6,"Platform Operator: cross-tenant operational observability (health, queues, adapter circuit state) with no tenant business data.",M,,Stated (unnumbered),,G-31
LOS-FR-277,(unnumbered),BRD §12.3,"Platform Operator has no access to tenant business data without tenant-granted, logged, time-bound authorisation.",M,,Stated (unnumbered),,G-31
LOS-FR-278,(unnumbered),BRD §12.3,Ship the standard role library (19 roles listed in §12.3) as tenant-modifiable templates.,M,,Stated (unnumbered),,Relates FR-SEC-002
LOS-FR-279,(unnumbered),BRD §12.3,"Auditor role: read-only, unrestricted scope, no operational actions.",M,,Stated (unnumbered),,Relates FR-AUD-009
LOS-FR-280,(unnumbered),BRD §12.3,Regulator/Examiner role: read-only and time-bound.,M,,Stated (unnumbered),,
LOS-FR-281,(unnumbered),BRD §12.3,Partner/DSA role restricted to own submissions.,M,,Stated (unnumbered),,Relates FR-SEC-014
LOS-FR-282,(unnumbered),BRD §18,Canonical application state model as listed in §18; tenants may select and relabel states but not create new ones without a product change.,M,,Stated (unnumbered),,"G-13, G-14"
LOS-FR-283,(unnumbered),BRD §18,"Cross-cutting states available from most stages: On Hold, Returned for Rework, Withdrawn, Cancelled, Expired, Failed (CBA).",M,,Stated (unnumbered),,G-14
LOS-FR-284,(unnumbered),BRD §17,"Configuration layer model: reference data, declarative config, rules, extension attributes, adapters, extension points; tenant code forks prohibited. Extension points are defined, versioned and isolated.",M,,Stated (unnumbered),,G-44
LOS-FR-285,(unnumbered),BRD §16,Valuation integration: valuer instruction and report retrieval (bi-directional).,M*,,Stated (unnumbered),,Criticality Medium in §16; G-33
LOS-FR-286,(unnumbered),BRD §16,"Insurance integration: quote, policy issue, verification (bi-directional).",M*,,Stated (unnumbered),,Criticality Medium in §16; G-33
LOS-FR-287,(unnumbered),BRD §16,Payroll integration: employer verification and deduction mandate (bi-directional).,M*,,Stated (unnumbered),,"G-27, G-33"
LOS-FR-301,—,INFERRED from OB-01,"Record per-field data provenance (CBA/API, extraction, applicant self-service, staff keying) to measure OB-01.",—,Approved (D-029),INFERRED,,G-43
LOS-FR-302,—,INFERRED from FR-SEC-012,"Built-in identity store with MFA, password policy and lockout for tenants without a SAML/OIDC IdP.",—,Approved (D-029),INFERRED,,G-32
LOS-FR-303,—,"INFERRED from FR-CHN-001, FR-NTF-004",Applicant authentication for self-service via phone/email OTP with optional BVN-linked phone match.,—,Approved (D-029),INFERRED,,G-32
LOS-FR-304,—,INFERRED from Your brief,WhatsApp notification channel adapter.,—,Approved (D-029),INFERRED,,G-33
LOS-FR-305,—,INFERRED from Your brief,LDAP/Active Directory identity adapter.,—,Approved (D-029),INFERRED,,G-33
LOS-FR-306,—,INFERRED from FR-CMP-023/024,"Insider/related-party register (directors, significant shareholders, staff, their related parties), maintained under maker-checker or fed from HR/CBA.",—,Approved (D-029),INFERRED,,G-35
LOS-FR-307,—,"INFERRED from FR-CMP-023, FR-CRD-007","Effective-dated prudential parameters per legal entity (limit base, regulatory limits) under maker-checker.",—,Approved (D-029),INFERRED,,G-35
LOS-FR-308,—,INFERRED from FR-CRD-002,Historical application import in a canonical format for rules simulation and scorecard calibration.,—,Approved (D-029),INFERRED,,G-37
LOS-FR-309,—,"INFERRED from FR-CMP-035, FR-CBA-003",Adapter capability manifest declares data-processing location; activation refused where it breaches tenant residency.,—,Approved (D-029),INFERRED,,G-30
LOS-FR-310,—,INFERRED from FR-CMP-001,Jurisdiction pack resolved by jurisdiction × licence category of the booking legal entity.,—,Approved (D-029),INFERRED,,G-23
LOS-FR-311,—,INFERRED from FR-CUS-008,GSI consent capture in consent model and offer template [verify].,—,Approved (D-029),INFERRED,,G-27
LOS-FR-312,—,INFERRED from FR-CHN-001,"Canonical bulk-upload template (CSV/XLSX) per product, with row-level validation report.",—,Approved (D-029),INFERRED,,G-38
LOS-FR-313,—,INFERRED from FR-OFR-003,Booking-time comparison of CBA-returned schedule with accepted offer schedule; variance beyond tolerance blocks booking as an exception.,—,Approved (D-029),INFERRED,,G-07
LOS-FR-314,—,INFERRED from FR-OFR-005,"Execution method (e-sign / wet-sign) configured per document template, with pack defaults for land and security instruments.",—,Approved (D-029),INFERRED,,G-26
LOS-FR-315,—,INFERRED from §16 Payroll,Employer/payroll verification as a pre-decision check for salary-backed products.,—,Approved (D-029),INFERRED,,G-27
LOS-FR-316,—,"PO direction 2026-10-08 (D-030, D-034)","Installation is licensed per bank and managed through the Atheris licence server: signed licence (modules, user caps, validity, installation binding), offline activation, fail-safe enforcement.",M (PO),,Stated (PO),,G-48; D-034
